split,model,n,hit_at_10,majority_at_10,mean_same_at_10,weighted_same_at_10,buy_majority_at_10,hold_majority_at_10,sell_majority_at_10,buy_mean_same_at_10,hold_mean_same_at_10,sell_mean_same_at_10
val,fixed_only,174,0.9770114942528736,0.25862068965517243,3.5517241379310347,0.35517241379310344,0.05660377358490566,0.03571428571428571,0.44086021505376344,2.7735849056603774,2.7857142857142856,4.225806451612903
val,learned_only,174,0.9712643678160919,0.28735632183908044,3.5689655172413794,0.3568965517241379,0.18867924528301888,0.07142857142857142,0.40860215053763443,3.0943396226415096,2.75,4.086021505376344
val,recency_only,174,0.8218390804597702,0.5517241379310345,5.172413793103448,0.5172413793103449,0.33962264150943394,0.17857142857142858,0.7849462365591398,4.056603773584905,1.6785714285714286,6.860215053763441
val,learned_recency_50_50,174,0.8333333333333334,0.5517241379310345,5.160919540229885,0.5160919540229885,0.3018867924528302,0.14285714285714285,0.8172043010752689,3.849056603773585,1.7857142857142858,6.924731182795699
val,fixed_recency_50_50,174,0.8275862068965517,0.5517241379310345,5.017241379310345,0.5017241379310344,0.3018867924528302,0.10714285714285714,0.8279569892473119,3.5849056603773586,1.6428571428571428,6.849462365591398
val,eth_learned_recency_50_50,174,0.8333333333333334,0.5517241379310345,5.160919540229885,0.5160919540229885,0.3018867924528302,0.14285714285714285,0.8172043010752689,3.849056603773585,1.7857142857142858,6.924731182795699
test,fixed_only,305,0.9770491803278688,0.28524590163934427,3.59344262295082,0.35934426229508193,0.2923076923076923,0.0,0.35766423357664234,3.623076923076923,2.0,4.007299270072993
test,learned_only,305,0.9737704918032787,0.29180327868852457,3.560655737704918,0.3560655737704918,0.3076923076923077,0.0,0.35766423357664234,3.623076923076923,1.894736842105263,3.9635036496350367
test,recency_only,305,0.9016393442622951,0.5409836065573771,5.4295081967213115,0.5429508196721311,0.6307692307692307,0.10526315789473684,0.5766423357664233,6.2384615384615385,1.7105263157894737,5.693430656934306
test,learned_recency_50_50,305,0.9114754098360656,0.5278688524590164,5.386885245901639,0.5386885245901639,0.6230769230769231,0.05263157894736842,0.5693430656934306,6.230769230769231,1.5,5.664233576642336
test,fixed_recency_50_50,305,0.9016393442622951,0.5409836065573771,5.367213114754098,0.5367213114754098,0.6461538461538462,0.05263157894736842,0.5766423357664233,6.184615384615385,1.5,5.664233576642336
test,eth_learned_recency_50_50,305,0.9114754098360656,0.5278688524590164,5.386885245901639,0.5386885245901639,0.6230769230769231,0.05263157894736842,0.5693430656934306,6.230769230769231,1.5,5.664233576642336
full_2018_now,fixed_only,2889,0.9570785739010038,0.41502249913464867,4.069920387677397,0.4069920387677397,0.4756756756756757,0.05263157894736842,0.4840103716508211,4.412355212355212,1.8009153318077804,4.543647363872083
full_2018_now,learned_only,2889,0.9550017307026653,0.40152301834544823,4.038075458636206,0.40380754586362066,0.48494208494208496,0.041189931350114416,0.4442523768366465,4.4393822393822395,1.8169336384439359,4.4278305963699225
full_2018_now,recency_only,2889,0.8566978193146417,0.5292488750432676,5.147802007615092,0.5147802007615092,0.6131274131274131,0.14645308924485126,0.5799481417458946,5.9706563706563704,2.203661327231121,5.3388072601555745
full_2018_now,learned_recency_50_50,2889,0.8819660782277605,0.5250951886465905,5.097611630321911,0.5097611630321911,0.6015444015444016,0.14416475972540047,0.5834053586862575,5.884942084942085,2.2814645308924484,5.280034572169404
full_2018_now,fixed_recency_50_50,2889,0.9048113534094843,0.5195569401176878,4.938733125649014,0.49387331256490136,0.6023166023166023,0.13501144164759726,0.5721694036300777,5.675675675675675,2.279176201372998,5.118409680207433
full_2018_now,eth_learned_recency_50_50,2889,0.8819660782277605,0.5250951886465905,5.097611630321911,0.5097611630321911,0.6015444015444016,0.14416475972540047,0.5834053586862575,5.884942084942085,2.2814645308924484,5.280034572169404
